{"Oklahoma": 43.7551724137931, "Alabama": 43.40357142857143, "Tennessee": 42.82592592592592, "Mississippi": 42.52333333333332, "Puerto Rico": 37.32000000000001}