{"Kentucky": 15.831578947368419, "Tennessee": 15.735483870967744, "West Virginia": 15.733333333333333, "Mississippi": 15.505714285714287, "Puerto Rico": 9.90909090909091}