{"Alabama": 26.41363636363636, "Oklahoma": 25.17142857142857, "Texas": 25.108695652173914, "Mississippi": 23.83225806451613, "Puerto Rico": 17.875}