{"Alabama": 26.62142857142857, "Arkansas": 26.326923076923077, "Oklahoma": 25.930769230769236, "West Virginia": 24.041379310344826, "Puerto Rico": 14.778571428571428}